Time,0,1,2
3.0,57.43789311931646,59.468829903748905,59.82631000882511
4.0,54.91333706377098,58.20539500549097,59.5208281793971
5.0,52.92051076394999,56.67032488659146,59.541094546385125
6.0,51.88529157422369,55.029610212429226,59.13359016566914
7.0,51.745241866779885,53.843776348903745,58.220286843693074
8.0,51.83644075302445,53.4930514310759,57.2459123666175
9.0,51.956748577575524,53.45049451833516,55.690243470364685
10.0,52.91346417312456,53.354726655299466,53.79315779072232
11.0,54.19756859235224,52.92798361731541,52.12229156706296
12.0,54.69200219091731,52.14316732025826,50.476825044731505
13.0,54.79776166615578,52.047906786404944,48.96517618637955
14.0,54.999398402738805,52.81839319929168,48.16536670800513
15.0,55.71906102018542,53.4155583271249,48.43948202877893
16.0,56.38256888979931,52.762819063717174,48.56324332298529
17.0,55.87188643550235,50.90119672087374,47.75870182853727
18.0,54.53712280454402,49.07859096154919,47.20637288537626
19.0,53.33097041235384,47.99971737963028,47.62704691075031
20.0,52.84158472405355,47.24617112125077,48.09329214542332
21.0,53.1291419797338,46.537054200761624,48.11020499084625
22.0,53.544554411019,45.83596286072968,48.30356006200811
23.0,53.74346386808812,45.033690808027075,48.866291630254715
24.0,53.873998415127204,44.416499316613546,49.72005559805244
25.0,54.38552635893683,44.38005078209818,50.59124033050062
26.0,56.11627647738293,44.93621745298582,51.507168967875515
27.0,58.0956108326656,45.85249123931595,52.24651459611702
28.0,59.13117111175665,46.937817813194194,51.9778795129261
29.0,60.22558109554405,48.52008394805115,51.085307012865314
30.0,62.10961951473752,50.551927066320154,50.76568785747414
31.0,62.930408504821244,51.90715263890867,51.41081686843526
32.0,61.74912586617949,52.61983749331964,52.56017811743365
33.0,59.77157432759131,53.13113991202597,53.205503412106495
34.0,58.148622758170426,53.427050633793804,52.92088336170394
35.0,57.56472098363262,53.88306937088046,52.49449081652953
36.0,57.44470642428487,54.618760017645904,52.2809986496711
37.0,56.8795593161106,54.847514970208685,51.75681697465495
38.0,56.21744955292686,54.20408368296442,50.67218539051531
39.0,55.482760890964805,53.47060183918444,49.362330701844066
40.0,54.404564092325884,52.76349655779331,48.2284246234395
41.0,53.32753098406614,51.54708643405817,47.223094558605375
42.0,53.591008307664566,50.14483525733135,46.45224868562476
43.0,55.03815742182748,48.56004743813483,46.188324919984254
44.0,56.368182427135245,47.23285792029894,46.97275903619449
45.0,57.3480459207668,47.15315026279418,48.79729234321868
46.0,57.39443553180178,47.89101772935346,50.41589446547938
47.0,56.295308685565935,48.99866745119281,51.33431705885067
48.0,54.69120135748128,50.76516598144972,51.905001682702
49.0,52.92105717716805,52.140927075719816,51.86876570870774
50.0,51.26290991032256,52.341387861985574,51.50835897527137
51.0,49.707408691308544,52.36308526436243,52.04922931379629
52.0,48.051747772455,52.40202177375921,53.18158002763368
53.0,46.60514380050014,51.508123650056405,53.223838524437184
54.0,45.990396556787466,49.85487826829704,52.25652351338634
55.0,46.60895608390814,48.14876974549145,51.608009363225335
56.0,47.97004137781443,46.37950199447408,51.24756218167096
57.0,49.564613461107754,44.64337825235212,50.80176410243906
58.0,51.373846791109855,43.31004169015492,50.28841512744173
59.0,52.38364006245097,42.78086544197333,49.43607987727212
60.0,52.13013365993918,43.53078973927456,48.382683709714115
61.0,51.10152750295775,44.90455478512095,47.59322800912416
62.0,49.74691317121755,45.993013931516074,46.91230236089553
63.0,49.166898919359426,46.68038740999951,45.87847639968854
64.0,49.748686943341326,46.86864622615708,44.53503613831463
65.0,50.29347355727088,46.37198384988535,43.322783224843725
66.0,50.65854180395749,45.361780369575825,42.78611800939181
67.0,51.144125771363626,43.91515384611932,42.7187945445853
68.0,51.32039480715045,42.75640703308181,43.03579011163844
69.0,51.193803182890306,42.12670877407298,44.09959768600907
70.0,51.10326186363374,41.76745080779922,45.46602298274121
71.0,50.73721671067317,41.94161676965843,46.36711866570833
72.0,50.17820446012744,42.96442569984613,46.67904816830715
73.0,49.46630346343849,44.469030906283294,46.095976015929764
74.0,48.627607092489974,45.79751748785076,45.02817576685753
75.0,48.20420177548607,46.76911409699926,44.320732191162165
76.0,48.4829155454575,47.55101108810123,43.99875591659192
77.0,49.56324656507371,48.381157094206365,44.530014949500156
78.0,50.5631015292815,48.48003464309528,45.74291248305809
79.0,50.94319380795304,48.00402610328726,46.55384741079273
80.0,50.99788924271864,48.535263301288225,46.90641608711359
81.0,50.65342314397581,50.16668209839375,47.606485437643016
82.0,49.791525349380244,51.851289201423704,48.785397323361764
83.0,48.58683730323491,52.75431320948255,49.7621488375947
84.0,48.131763366856504,53.05699693613687,50.19091382681842
85.0,48.7726304228192,52.82374467569858,50.06937838319588
86.0,49.499624793233664,52.383967398414846,50.15452950513432
87.0,49.75555563760891,52.30376308545705,50.9324316413912
88.0,49.408632633977476,51.951719895507765,51.51508558252156
89.0,48.73675190480927,51.21420608481993,51.234296980344894
90.0,48.36630093840796,51.276246939495046,50.86038318587389
91.0,48.42007359454929,52.063583748224374,50.88912035865255
92.0,48.737039795671535,53.32882992159035,51.07177854792005
93.0,48.388201746233825,54.98069215211905,51.49625892036091
94.0,47.65554422618965,56.08629826811791,52.862829928973646
95.0,47.676315459448844,56.22789907460393,54.908174519948986
96.0,47.80771759173999,56.13492360984137,56.29033797310833
97.0,48.34401371550197,56.40306392094479,56.79041597163083
98.0,49.70581210268216,56.610649705461704,56.43809464705927
99.0,51.47185137266319,56.833485335011495,55.78668769676655
100.0,53.29284893113159,57.1344732223052,55.1947092749264
101.0,54.456641238069295,57.046607583623654,54.94303025686947
102.0,53.95914121045649,56.428232795891184,55.46431226770911
103.0,52.26775329169273,55.6183330074948,55.61025257813242
104.0,51.0890922807782,54.80103053278614,54.969460321016555
105.0,50.56050910808273,53.826785288233296,54.97279671247623
106.0,49.68017902217316,52.75480803649231,55.357854273222166
107.0,48.58129119694141,52.12732132032616,55.3363168009286
108.0,48.0030506603157,52.251039291366126,55.59119304986368
109.0,47.8211392041857,52.42797899864446,56.22421920050415
110.0,47.46611099094254,52.07517668940996,56.21878154720648
111.0,46.99416984635009,51.68665646137618,55.30171997500736
112.0,47.251813516252106,51.679577688828594,54.53572644381849
113.0,48.38219158806423,51.876789643928376,54.19936647714077
114.0,49.29703783559772,51.46313834182084,53.9238498103487
115.0,49.6637075542868,50.540214186028024,54.45669873525576
116.0,49.68496214807676,49.358819583122205,55.15256095750048
117.0,49.97496968917006,48.62964563251656,54.6509691880949
118.0,51.2645501256738,49.24789954825738,53.53621151223746
119.0,53.16736596942298,50.56827572852051,53.181539988518544
120.0,54.73465515460617,51.71980163715347,53.59195371018098
121.0,56.061165182301934,53.01889139177865,54.11919159525442
122.0,56.33371549018383,54.5158277446436,53.87548274787095
123.0,55.305524446611386,55.85505251102625,53.3601858393798
124.0,54.11051588081981,56.205892858361764,53.23760748864374
125.0,53.50537286361889,55.470539694215894,53.500912851987906
126.0,53.75579837762983,55.0262444822997,54.393673581842684
127.0,54.019566773706494,55.36671752578062,55.29548823402522
128.0,54.29703876645363,56.36716024135383,56.079902240630915
129.0,55.51557473710087,57.9225228003378,57.09504451884178
130.0,56.89399373362108,59.488252216994596,57.71066959813253
131.0,57.16320358261565,60.949029586394545,57.83527875819921
132.0,56.6073563644151,61.9567093437859,58.010075050702994
133.0,56.53747075262376,62.2291935883309,58.52415899542891
134.0,57.2801449119322,61.65860933783748,58.75692154896893
135.0,57.975843841238984,60.36114811389214,57.733234592236066
136.0,58.060326676359104,58.86301609915486,56.229790828357054
137.0,57.41295065570907,57.67563111352389,55.58024458880877
138.0,56.006175272868056,57.03679521807747,55.67022083376031
139.0,54.44429859007006,56.75852503606585,55.83863178031375
140.0,53.36764536518077,56.60578778192184,55.8019531931679
141.0,52.7272102256691,56.87242131439175,55.627470001306186
142.0,52.28798094022401,57.17443623154211,55.145964859271665
143.0,52.04769558579704,56.02998881607339,53.756611836560694
144.0,51.50672759383263,53.441344969885655,51.412442893457154
145.0,50.27237787693303,50.75796767729123,48.97591927023069
146.0,49.32084245824635,49.180349778331774,47.000114437285916
147.0,49.90577455543794,48.51504443025975,45.32073016846135
148.0,51.583051795818754,48.15352535530477,44.33409471034086
149.0,52.251215528549395,48.25603831776846,44.075774586102916
150.0,51.76923589288227,48.64058613920005,44.08767647714711
151.0,51.230782612761985,48.99293862929325,44.299239261730015
152.0,50.35850981652818,48.778755676550794,44.79946861334529
153.0,49.25775670139377,47.58086791766651,45.63966495400875
154.0,48.22635995061634,46.362547814444255,46.414697452558094
155.0,47.16933401703455,45.790436993965436,46.55505961584065
156.0,46.29695344588671,45.39907501012964,46.44492688446512
157.0,46.22074587552105,45.385104697407314,46.84436744126781
158.0,46.86126015814489,46.270955402811104,47.492363253689426
159.0,47.492518711437626,47.484379840524156,47.78685948002666
160.0,48.35680416083949,48.55210255583425,47.94306273195806
161.0,49.25669218549642,49.235642518794755,48.04034991444473
162.0,49.471818568318156,49.46496014796935,48.005979956567465
163.0,49.09175304060901,49.32976533866162,47.91959397767395
164.0,48.188055695984275,48.258869363977745,47.206369246774614
165.0,47.51588166521635,46.79884701534008,46.066357536559316
166.0,47.487596053325035,45.775538914385926,45.52992467141623
167.0,47.80386294331973,45.1516835330727,45.736870260121236
168.0,48.21292480976179,44.79806474999547,46.0984996968263
169.0,48.30884313036362,44.240189435460174,46.5748691767341
170.0,48.295820856733755,43.143674873375,47.11400104667954
171.0,48.62661236974044,42.55210572399223,47.01946410578505
172.0,48.65053154963605,43.067494787165,46.21440369716096
173.0,48.24287592453024,44.24255615771078,45.52701039240262
174.0,47.93882855942921,45.64663264407868,45.49952347397612
175.0,47.68734541995884,46.813540758423485,46.305929569557236
176.0,47.45830683709667,47.44892197454255,47.3650414631343
177.0,47.27354041425832,47.50624747283015,47.63324848959232
178.0,47.23236640593245,47.326982643298216,47.12279056887977
179.0,47.018850287725726,46.89982732515852,46.39571878025775
180.0,46.52216844019001,46.260324441488684,45.45145950242302
181.0,46.29847320087536,46.06727106971318,44.5642806993189
182.0,46.33576450437765,46.237707081458296,44.161339635812205
183.0,46.570543582689865,46.91416625390376,44.32038103956333
184.0,47.26775659572757,47.93128837084767,44.54673562687799
185.0,48.6787442081641,48.916238987158145,44.76896311312522
186.0,50.43983676130315,49.52149007448092,45.30583020398356
187.0,51.60733537012845,49.22238299029377,46.262452229390426
188.0,51.587509272327694,48.15135242347886,48.191959853578204
189.0,51.06434734227594,46.89548299073687,50.909902291931054
190.0,50.841818354274224,46.52673397577629,53.178257466099566
191.0,51.00651220448112,47.21153342254598,54.50335927398605
192.0,51.77276534313563,47.89198879767446,55.19992393829021
193.0,53.66718440915719,48.42307558804541,55.820922248764795
194.0,56.04912188607792,48.64837242568424,56.02357285362623
195.0,57.8052909442186,48.806286270593255,56.00942645711735
196.0,58.01659037003364,48.91392618820262,56.02435651595297
197.0,56.82360114243521,49.21465528235856,55.96635553534563
198.0,55.53314514214615,49.972020608313684,56.45397748039105
199.0,54.30201663898407,50.32208294889626,57.57118355063919
200.0,53.11572171728809,50.28367086180025,58.69457877983914
201.0,51.6549819011835,49.55830895498368,58.6220492381844
202.0,50.39612972868266,48.07530016986834,57.54131285971322
203.0,49.923109713273185,46.423733508663915,56.05510641435593
204.0,49.785002846818735,45.11103387815153,54.34658753370811
205.0,49.79326784410958,44.44464974420979,53.25417982926874
206.0,49.88051070018533,43.901412485542636,52.70216212081057
207.0,49.89099857831387,42.85249885286787,51.95303235165685
208.0,50.48369092104906,41.423297006911966,51.065545484379314
209.0,51.26625027500445,40.6424181137702,50.6220571253536
210.0,50.999914528379996,40.563002497709384,50.606802800656716
211.0,50.0251993708642,40.69739776790673,50.40642110434134
212.0,49.176475937775365,41.320766800356985,50.06352781225179
213.0,49.14701457350275,42.50580499064675,50.05425683919551
214.0,50.231161970357945,43.78684981945761,50.25493828573696
215.0,51.65385806944045,44.59385525991874,50.164341257195595
216.0,52.73570006924785,44.652168059388266,49.83461549106081
217.0,53.00601134286264,44.21093843062408,49.22124064572464
218.0,52.05964031071858,43.758678199795156,48.323487330657166
219.0,50.04532107193037,43.184907387690984,47.96273729370091
220.0,48.250994697022826,42.59921569388011,48.362239817086525
221.0,47.179420149322176,42.67194809664092,48.8239818685743
222.0,45.857486245030934,43.307557513456544,49.1535869744709
223.0,44.30114881454722,43.561043878627935,48.79359180120284
224.0,43.710901692941746,43.38120294653774,48.18668677416182
225.0,43.49035707887122,43.40841333460747,48.289336375769764
226.0,42.38527944991017,43.711742694737495,49.014555075373266
227.0,40.85581771291662,43.99569666763962,49.577571949990116
228.0,39.53030205376382,44.21413815677444,49.292603613033776
229.0,39.001016118131254,44.156764714968524,48.1605579971501
230.0,39.60120803933818,43.75572212043971,46.92647946861706
231.0,40.72526320469667,43.41829108504479,45.91504790813201
232.0,42.32108809648334,43.39687995947633,44.97621351702914
233.0,44.51101552584558,43.62314435423279,44.97218632697729
234.0,47.09279306629195,43.81432487224,46.48748028694632
235.0,49.39589536695333,43.44968802472196,48.13723420277882
236.0,50.16341584264358,42.957872724706164,48.8677123094731
237.0,49.72698286800547,43.010221526537215,48.66040103142148
238.0,49.106968640218376,43.61912967837179,47.83446156136494
239.0,48.678974128974815,44.59658894141326,47.62714388292054
240.0,48.17842061186504,44.98848100738951,48.55160708474817
241.0,47.559803776705685,45.075625113157166,49.744270793909486
242.0,47.58207103737111,45.71257774305504,50.64078275828593
243.0,48.126588706854356,46.35825735922915,51.389218543319544
244.0,48.51897297341337,46.90796856631904,51.994344346222974
245.0,48.9402626144736,48.21214719983183,52.508069765978355
246.0,49.07467100199933,49.459746955779025,53.07759049633376
247.0,48.780574349346864,49.37665655702742,53.544596793097966
248.0,48.75143133191085,48.35777941872007,53.65440489776707
249.0,49.07982582285029,47.36148877835383,53.764928696382185
250.0,49.6869607628777,46.88375956124554,54.142992075246276
251.0,50.66116288220273,47.199269639235425,54.70675324097497
252.0,51.33022991200643,47.627628246140375,55.28974765949129
253.0,51.286656938545974,47.67954881101917,55.79719677615971
254.0,51.074008499204915,47.678869292672864,56.099324067546625
255.0,50.69216975000684,47.62685174786931,55.669257752245535
256.0,49.695067430575726,47.82669264512316,54.8607284296873
257.0,48.52167629095065,48.78018915046391,54.43279343941838
258.0,47.092476978655085,49.91367801710934,53.74779414566475
259.0,45.34155315860827,50.2924426561495,52.45146916778333
260.0,43.937571516796496,50.1843191268739,51.46878590846123
261.0,43.30660296726156,50.09726134748892,50.716478175464516
262.0,43.247030055883876,49.56673593396907,49.59250313940978
263.0,43.428020987472145,48.93555299852469,48.35229723348636
264.0,44.207874919050575,48.822250073047215,47.684315002718435
265.0,45.42401557228642,48.552510119485845,47.45107290891842
266.0,46.34248641604443,47.8494422039504,47.205209909905946
267.0,46.74222447433425,47.25495401721379,47.191493787868325
268.0,47.46995477201603,46.82746564976164,47.672587276556904
269.0,48.86275036893578,47.019372198965435,48.787958725151626
270.0,50.047225647836505,47.79632750009038,50.275761612452456
271.0,50.01301238442053,48.109919933575995,51.67327541644524
272.0,48.99586360935552,47.84402740294975,52.890913749890636
273.0,48.1734020871088,47.67341896311268,53.78075437933817
274.0,47.86946239746285,47.924718524670276,54.32443313701138
275.0,47.600606960971774,48.31340797458995,54.771431852497486
276.0,47.15342600431119,48.1963017927176,54.36985611660063
277.0,46.7285399446371,47.3357183758412,53.39581186075312
278.0,46.15909485987108,45.96218830772747,53.144375811270905
279.0,45.39236734845849,44.77774162917047,53.52704833593502
280.0,44.748554888507876,44.143692104432034,53.5259078746398
281.0,44.42592901012717,43.51865691681881,52.728817829478515
282.0,44.446357560913626,42.65053514768497,51.63711119258848
283.0,44.76528633345629,42.22436650238481,50.52222942451462
284.0,45.3860907466598,43.021143143438444,49.718050130876634
285.0,46.06447753086334,44.640103140326254,49.52548576492726
286.0,46.56049462454791,46.29286187230187,49.42087397934246
287.0,47.03332218844758,48.06266397903226,49.043517649310914
288.0,47.461970527028015,49.98499889948967,48.314408094634324
289.0,48.31413244581426,51.8678229745011,47.63260427997962
290.0,49.66521527822458,53.93208341943717,47.73573834396062
291.0,50.77441473374613,56.24849250293379,48.76150442075117
292.0,51.25373169363114,57.942964081435186,49.76756030727477
293.0,51.57581490218218,58.113157379700766,50.538125746883665
294.0,51.889202003532084,57.22194859456416,51.626430511143205
295.0,51.581046302196874,56.2156493087241,52.26272841349669
296.0,50.908755257657795,55.21944670269206,52.01374426397031
297.0,50.62946238518257,55.08411233857241,52.15323117959157
298.0,50.32320323483053,55.89149994768385,52.79706745568008
299.0,50.065006792028115,56.57141129517253,53.34370028567799
300.0,50.38361194956148,56.838431687809134,53.83081802207222
301.0,51.19664004935515,56.982951018818866,53.86140053237015
302.0,52.40489415700305,56.92814344798544,53.27922098775841
303.0,53.48603889155555,55.92225788215145,52.431150002878674
304.0,54.21691822448026,54.542661730247396,51.41041819896643
305.0,54.44443758290816,53.99000228506318,50.641042217682696
306.0,53.37012062503884,53.96099520424743,50.34525736365286
307.0,51.39177651353226,53.28159361824449,50.54526214526229
308.0,49.86979254935023,52.29001889578818,51.554731852198245
309.0,49.09726400919839,51.25609570460479,52.58554819949856
310.0,48.92606381563479,50.27707830904067,53.34835105273878
311.0,49.85961196029241,50.276692838775176,54.15351773346173
312.0,52.00910626077736,50.85076064376799,54.864941803552085
313.0,54.161081183620674,50.95387650237841,55.52799688146855
314.0,56.106802207145705,51.093578292712536,56.15249108583125
315.0,57.846606683291974,51.66473580088009,56.29376470360555
316.0,58.6888306013174,51.932722533349825,55.82208097829288
317.0,59.1344794737983,52.7260937856674,55.55314237360018
318.0,59.95726582980599,54.79743553490597,56.83969018062118
319.0,60.97221265392716,56.86974960258504,59.34296634760926
320.0,62.01581871016994,58.66360910199963,61.726645476962986
321.0,63.22248496010394,60.616526792338476,64.02112718744146
322.0,64.5949422875128,62.3555595677778,66.2151614004566
323.0,66.56241672726235,64.44961142357693,67.52912288894055
324.0,69.02790956875458,67.31319973345505,67.73608754023991
325.0,70.62998929266368,69.37644283392414,67.70219485893682
326.0,71.02891605111128,70.65586790088945,68.92273764788575
327.0,70.62496978864786,71.4047177192398,70.83471356698296
328.0,70.62003425110848,71.33024033173844,72.2969275096581
329.0,70.80241045868794,70.62327669875415,72.92623719159779
330.0,70.86081272778284,69.3993354380448,73.7604451450159
331.0,71.80898833060314,68.11087188659062,75.6840869827485
332.0,73.36580724667009,67.62101491062168,78.0365122544859
333.0,74.58077558744556,67.55011132103674,80.08811534362145
334.0,75.48517174218448,66.99857676809044,81.84716260917409
335.0,76.42232399808749,66.2987699056822,82.87669799355731
336.0,77.66623209264395,66.06052763554212,83.33735884706972
337.0,78.83954004081089,66.46727148644396,84.21604580894028
338.0,78.88406428657404,67.65784150990847,84.80815884170474
339.0,78.11020466411355,70.01660401854818,84.43853113252128
340.0,77.33948259645148,72.81446426793853,83.41491528349921
341.0,77.83907174763513,75.85139953735019,82.30747133718448
342.0,79.5654639522184,78.94835724337632,82.33256090385086
343.0,80.93342700466036,80.64109332426742,83.34992251423883
344.0,82.7505884578913,81.46965150680765,84.55813366783694
345.0,85.04959638491948,82.37838925695227,84.92726313289418
346.0,87.08936844874538,82.4403227202851,83.98109157624002
347.0,88.91328515535966,81.25915474583778,82.33906339152637
348.0,89.75540794506168,80.46093038516639,80.57870989144422
349.0,89.90904842201749,81.70022161157952,79.94468798033958
350.0,90.35960289157612,84.44653425300908,80.2691084100331
351.0,90.30347604145315,85.91291544969963,79.91204755969211
352.0,90.35101190666413,85.91134142955421,80.04558566380959
353.0,91.2577749014581,86.60296400573726,81.27142526147045
354.0,91.4399002628989,87.76899363391358,81.72424714252716
355.0,90.99033584075981,89.1554207005609,81.9288646460291
356.0,91.20361079603916,91.19613751510973,83.10613785632444
357.0,91.64557381298062,93.25574359082951,84.30250664779405
358.0,91.43928939984436,94.14078063872049,84.54148160737651
359.0,90.93441129245561,93.42979097545047,84.32793496999619
360.0,90.74827049442163,91.45440371988842,84.54981056002349
361.0,89.6934237466991,88.16433755782748,83.89257661774145
362.0,87.53511256437338,84.03043072360288,81.51564391432147
363.0,85.52346901945225,80.96249504059878,78.92404193953789
364.0,83.03571434420176,78.90626632213466,76.53645560944304
365.0,78.52595926907115,75.64422095841505,73.40074625712779
366.0,72.49564958137978,71.37730251107034,69.96288880280082
367.0,67.26979275994768,68.1364283224568,67.74430520286836
368.0,64.0383224608351,66.27958474227802,66.60831318392518
369.0,62.13173897598185,65.76064761523787,65.98261739616326
370.0,61.40180633531663,66.54046380282115,66.46379709293245
371.0,61.968591564222955,67.6259100590247,67.4245611892016
372.0,63.2082208751884,69.23276860959997,68.26898893060732
373.0,64.51938859820669,71.93198385901229,70.2445003742438
374.0,65.68242348034978,74.82360123464564,72.56381690046223
375.0,67.03451316421558,76.96387937124194,73.88035034933749
376.0,68.97617056097216,78.4527441398617,74.59879989878267
377.0,71.42762065617785,79.4387850197867,75.59912494906165
378.0,74.16030293476423,80.13474099299027,76.96334844113117
379.0,75.77985985547669,79.81103754059102,77.49701866519304
380.0,75.91202587008388,78.86247843298244,77.04610940247323
381.0,75.32942446720827,78.68932675247251,76.82365103883214
382.0,74.03491665228371,78.42756283522742,77.32959544875894
383.0,72.59724020417181,77.81720771290463,78.81857707253762
384.0,70.75434339012668,76.98894498734931,80.33075637043228
385.0,69.01572427032225,75.48831362393403,80.7640795543262
386.0,67.8274825515936,73.21715751845026,80.01932161585253
387.0,66.28261084666237,70.59024030334818,78.75892183376163
388.0,64.98163598181604,68.87966171212257,77.95796023355334
389.0,65.40723511032597,68.45680069435417,77.23408346742085
390.0,66.81799594180552,69.15055662243942,75.55305647614927
391.0,67.35331982067946,70.82743144399264,72.81148200864962
392.0,67.33330372017099,72.9687481111292,69.88153702738725
393.0,67.94606835988563,74.48274548249559,67.83813624320396
394.0,69.5116734368786,74.52783046965216,67.20614321023356
395.0,70.45773816350248,73.15009183309824,66.68490817887542
396.0,69.79913566495803,70.96964879870582,65.76171733815205
397.0,69.18208863839489,69.12406640434489,65.91248900737456
398.0,68.69207204391927,67.94231414289263,66.46486172854082
399.0,68.11344585373618,67.14272491493055,65.3335489012162
400.0,68.90302045505985,66.92898979005439,64.10758671350195
401.0,69.77094821540244,66.21856176500786,63.49794511344819
402.0,69.2018082236013,65.01328360489805,62.406715865814725
403.0,68.93580780220626,64.5112887742337,61.266724697389975
404.0,69.02700236316734,64.51434216453949,60.34294296313151
405.0,67.35824009128204,64.047161438859,59.362184539297886
406.0,64.91394992987544,63.28872200628086,59.39181176520649
407.0,63.6222638760342,62.762468663962274,61.03528434395256
408.0,63.432983928039974,62.538080470799144,63.70732695886905
409.0,62.926628108956095,62.662829655961126,65.62433129842032
410.0,61.5203704110437,62.827705145991665,66.17857903378423
411.0,60.40661498694786,63.02300470655307,66.44393924238278
412.0,60.261124365852304,63.40378745779496,67.46835500196617
413.0,60.56855691895889,62.98882087984306,69.19994520569577
414.0,60.763095135548305,61.908071415812,70.71790612325913
415.0,61.316515369377676,62.31950333786776,71.56339281851362
416.0,62.470578909260524,63.98671289079479,71.46496638476344
417.0,63.24403258670257,64.93402812796622,69.52984256046813
418.0,63.41160476715226,65.16981250783574,66.25115188664158
419.0,63.13513873751302,64.85329335158107,63.56451226242261
420.0,62.6541381307197,64.10936143155106,62.6884992300463
421.0,63.0839091491256,64.24052264006411,63.42153921101531
422.0,64.08145566162963,64.45159438595437,64.22476375165854
423.0,64.74316037674998,63.502990414858296,64.73334466965541
424.0,65.40157362934295,62.08466540592611,65.45670017541592
425.0,66.30870033864566,61.01133217307974,65.30162794430989
426.0,67.19700251838188,60.34648388751588,63.8393986081248
427.0,68.09029242224167,60.11495494298994,62.5772209793325
428.0,69.18118547113102,60.44505930455368,62.742525866227254
429.0,70.64794387437942,61.364916024996035,63.63887400375576
430.0,71.74770329542714,62.335262361197614,63.744104839162226
431.0,71.86903469740341,62.75401400584955,63.50922636056952
432.0,71.52503329454063,62.24607692376728,63.460679413636356
433.0,70.83758494728136,61.286554207783645,63.43851020653443
434.0,70.23448917446083,60.589882815311725,63.88996176063519
435.0,70.56641429328636,60.67779960052379,64.51701877183073
436.0,70.87316515675975,61.392978579376084,63.85609425462424
437.0,70.6439192514493,62.040452259647495,62.363301044599105
438.0,70.14479290907332,62.19640561482598,61.57035234383174
439.0,69.06384660572373,61.344535567448816,60.85996698972488
440.0,67.67540095115895,60.028521269268566,59.58730017395038
441.0,66.20239600569062,59.28546954888395,58.57924757632835
442.0,64.57150156070355,59.43326638361172,58.876032266916525
443.0,63.63299658179013,59.736232495173425,59.97045059006882
444.0,64.50202139973415,60.53419984131911,61.249585329688195
445.0,66.02385267521308,62.41780280942264,62.82937894384551
446.0,66.18682976542867,64.14586012227355,64.59783294024386
447.0,66.081057597075,64.91023732803579,66.48628272118351
448.0,66.79357692296153,64.67441694552974,67.7186056081917
449.0,66.64432121152093,64.10643294861725,67.94778604232086
450.0,65.86632500196363,64.40627369579694,68.47472922968574
451.0,66.30228676378614,65.41285588377725,69.74787579301804
452.0,67.11926580362653,66.02669762736409,70.14813797516955
453.0,66.2434822900589,66.05330948961031,68.79350079544191
454.0,64.13901723095152,66.115800298565,67.38046959135596
455.0,62.74543991122518,65.99571319691269,67.50623580068155
456.0,62.63904171149131,65.06923552309188,68.5124982675968
457.0,63.478887317015534,63.75040371457511,68.74516608524901
458.0,65.20638578830771,62.76825099911691,67.19195355473028
459.0,66.95864845130728,62.181362001027495,63.92496723431958
460.0,67.44911571720196,61.22790593039848,59.92419252456385
461.0,67.39961498809777,59.96574008917712,56.59616715913469
462.0,68.30134958649862,59.55526684833681,54.86868937187498
463.0,69.6751346913453,60.19831253037707,55.011545618024165
464.0,70.85105753175533,61.2528269177416,56.304437475593005
465.0,72.02206698616924,61.54021958719592,57.39681288737197
466.0,72.59091283177291,60.39500210498792,57.776748190393505
467.0,72.36989139144605,59.23475210060478,57.866971927057286
468.0,71.65047581049076,59.03324653486568,57.85391486610606
469.0,70.93694891057896,59.62889305409336,58.02128005559234
470.0,70.44113092962664,60.62719681244892,58.68624603816017
471.0,69.88761569329971,61.32515386711974,59.5079068775647
472.0,68.7304214509954,60.892151848728794,59.668659626883745
473.0,66.81520275936228,59.73233218205698,59.08770019004829
474.0,64.25895542104558,58.789615614076965,58.48811492351772
475.0,61.4969296755737,58.225163871712766,58.588262681679225
476.0,59.24445497780756,57.7696473863386,59.09342484291875
477.0,58.096840797590495,57.16063168724135,59.22519728888654
478.0,57.935502262298996,56.26508226239426,59.31554558416053
479.0,58.38688012386524,56.313684027504586,59.845891863533595
480.0,58.75243751906274,57.391304273936726,60.165163181374794
481.0,58.83972744438119,58.12385653509679,60.15872336378547
482.0,59.156984023277225,58.310233628054874,59.646513409155524
483.0,59.686513671393975,58.30506504991488,58.333408800852915
484.0,59.6924698382527,57.807958072254536,56.77211825201245
485.0,59.18124792057431,57.02738743906423,55.302105319815944
486.0,59.385637254573226,56.47101674032338,54.446865571866184
487.0,59.971439050277986,55.5756796753417,54.3293802040799
488.0,59.8949704973209,54.2803701870174,54.68258276402629
489.0,58.457449579800176,53.01687193003482,55.3729402472532
490.0,56.882409852450195,51.98544045312214,56.313557428229004
491.0,56.16512808411092,51.70282749512713,57.512646769331965
492.0,56.24339168905211,52.41827772114299,59.10225314688168
493.0,57.020648572055414,53.66308646161948,60.14862729490481
494.0,57.6658978868645,55.44994475672693,60.22500456586144
495.0,57.84167381389683,57.66741684973424,60.49704447806661
496.0,57.66856119914036,59.33868632055756,61.732349412483565
497.0,57.60255227227087,60.30810739851156,63.61433577393933
498.0,57.692187583906765,60.93804172666804,65.19553550506707
499.0,57.68588974766588,60.57598879714014,65.33774947795513
500.0,57.58839461570547,59.33313968293503,64.24557623604424
501.0,57.522168635068866,58.49154812517412,63.396920401561644
502.0,57.15759457922108,58.519546920138446,63.11341767885817
503.0,56.15967937645175,58.88066089861007,62.74292526068428
504.0,55.489568299729115,60.30136187005321,62.62434471014853
505.0,56.09401714392315,62.75385783546548,63.20022397072236
506.0,57.156728185934064,64.93369549913547,64.32157104201768
507.0,58.31655062620631,66.03747712262087,65.53071646504196
508.0,59.63186628626638,65.90276200670561,66.57552406810873
509.0,60.36513875786324,65.98383574926098,66.5396374998821
510.0,60.69677821938209,67.52110793484891,65.39824006094139
511.0,61.4356846315214,69.56369675532035,64.96500604396292
512.0,62.811245087050914,70.92684321347485,65.45260641587403
513.0,64.7289794701684,71.58712682464633,65.57186364067707
514.0,66.24321835445895,70.94624610763944,64.06194584949118
515.0,65.80319295649734,69.11978054760432,62.03683799557272
516.0,63.951293626269916,67.57410590478311,61.3685843944442
517.0,62.538456766563215,66.64052771392589,61.94437525770606
518.0,62.18878990082625,65.45450805323125,63.16449017429475
519.0,62.47546675578173,64.59056887774838,64.25879262819831
520.0,63.29384250704065,64.98146557014894,64.7007272292908
521.0,64.69001439328518,66.07499653464367,64.52695078940053
522.0,65.56350715968844,67.08003070409006,64.23652167642122
523.0,65.48800715121705,67.53861499170785,64.59703106036713
524.0,65.91639092552427,67.65254253271597,65.44796759547928
525.0,67.25633772930075,67.41271248963886,66.24712533340929
526.0,68.2472156602299,66.0001079447852,66.485404231028
527.0,67.99277901314669,63.66996983223925,65.99120340097376
528.0,66.56883771223951,61.5132240793679,65.38643522252949
529.0,64.7055166632632,59.710076109876894,64.89240385958566
530.0,63.17624117615798,58.627561138949176,65.38726771593106
531.0,62.02984865158096,58.77518078868333,67.1983914085121
532.0,61.484632930538986,59.83646439169529,68.79822368670186
533.0,61.495692031103914,60.90172938825067,69.15690041208097
534.0,61.08134201749415,61.501119527753175,68.60557777363525
535.0,60.31296221194735,61.73436052187352,67.52430922182343
536.0,59.762604789032395,61.46677390458359,66.48085632329594
537.0,59.18049111228427,61.599099276269584,66.35819992119087
538.0,58.76530531103219,62.49050013272336,66.93621604658907
539.0,58.58836848457831,62.40571010841435,66.92188726323054
540.0,58.44316345933446,61.291563034092164,66.26774116933814
541.0,58.638928261130694,60.39726797699379,65.70280803185575
542.0,59.34368995787408,60.19283205662572,65.45936813278385
543.0,61.02054474067104,60.88156575783821,65.930757615772
544.0,63.19835425567357,62.36367548932879,66.95734685359265
545.0,64.71570597412821,64.19015674653387,67.84088355599411
546.0,65.29913410960552,65.96703671199167,67.89579834384149
547.0,66.14919448847913,67.55497369846427,67.42935089138716
548.0,67.13215289846683,68.79812326987489,67.83601420935722
549.0,67.45190486667333,69.9322036318032,69.64448293892225
550.0,66.91379243838537,70.0795112726342,71.21851631114217
551.0,65.77132594091393,68.63404899432571,71.2427930448115
552.0,64.99903404832773,67.17284024390524,70.23584109728557
553.0,65.02967726721205,66.14362509460297,69.45207258739036
554.0,65.06555029614574,64.60149058447149,69.1875325013797
555.0,64.66684415327163,63.0342847744224,68.24221703152985
556.0,64.50539845855624,62.346288973765446,66.67901043994443
557.0,64.77647864673784,62.42386456573809,65.28825205494049
558.0,65.39889787867179,63.29486859057233,65.01643460991788
559.0,66.00526399702517,63.8448684208713,65.69811772178508
560.0,66.4460427274351,63.95560803222685,66.32010381579336
561.0,67.76170672711709,65.04668164094447,67.19026042214426
562.0,69.68537850940528,66.24077239404042,67.8307487897554
563.0,71.41001370339185,66.84076320244722,67.77704182116501
564.0,72.82347860050277,67.72123091218776,67.72928934937366
565.0,73.90405397048532,68.81858910517114,68.12927869413657
566.0,74.3247271010317,69.60209167079884,68.16917594004154
567.0,73.89235140071384,70.62465698015946,68.00067863285146
568.0,73.08417083595636,72.11350116084776,68.86988555023154
569.0,72.7894909990189,73.75283111768204,71.16571569846577
570.0,73.57466015289069,75.00692248556462,73.8531648129991
571.0,74.21322508598799,74.1022432459798,74.40737472912447
572.0,74.09643746867137,71.94607175360433,73.18802219970125
573.0,73.57550769532617,71.30607538422944,72.59025354813093
574.0,72.13117894617561,71.75990947391793,72.48204482354116
575.0,70.73552226033664,72.08138453892263,72.56845600431444
576.0,69.52842586414774,71.79412424248827,72.30102511388543
577.0,68.50382150122111,71.92688848106799,72.21785432150531
578.0,68.3781865657277,72.98023208322027,73.25415306077943
579.0,68.70316740555162,73.90117969799348,74.58342271759106
580.0,68.90142419112304,73.61651379563828,75.30837378782631
581.0,69.56935381604896,72.32789356769808,74.67824227445283
582.0,70.8601323744783,71.20882164993493,73.54072104065554
583.0,72.09281285419847,71.32665216204062,73.35176395459047
584.0,72.72363238090651,72.57063738542097,74.40141156645566
585.0,72.61225901811669,73.65457120707535,75.48493512266876
586.0,72.50935463893748,73.76582085151419,75.24077380842812
587.0,73.22551179774102,73.67229833251598,74.63141252753513
588.0,74.23534205970579,72.81676891941406,74.48855659763231
589.0,74.62493975990627,71.08391456730672,74.47053750955097
590.0,73.26242328783204,70.0553840417468,73.61862448292618
591.0,71.31091483938212,70.0256498107913,72.61516711948917
592.0,70.22303930115886,69.64944742282955,72.17494009823318
593.0,69.09482820256866,68.5480984577732,72.01700770344709
594.0,67.10467324328816,67.45771405943542,71.7502478303413
595.0,64.7407751430226,67.43388538248894,71.57300879936733
596.0,63.11105926439573,68.18848743312996,71.9505696546169
597.0,62.92655414715554,68.81241784287676,72.53700953304069
598.0,64.43574887327524,69.91389769452653,73.6385065781052
599.0,66.47900201232935,70.33429214389507,74.61878156800852
600.0,67.84060521884871,69.1668672522076,74.28174631634502
601.0,67.95972540684221,67.28184113917538,72.77665259749548
602.0,67.29509306685897,65.78234524883676,71.31166276074497
603.0,67.28462256406515,65.06340583035707,70.82129145206262
604.0,68.08627307407171,64.41104785291542,70.1016432455121
605.0,69.16687860558216,63.8439063682459,68.80769061808672
606.0,69.85609121247263,63.53044133468674,68.16177901407895
607.0,70.04166951458366,63.87649599421534,68.91677102281486
608.0,70.17747996544608,64.97469413267079,70.0295046281396
609.0,70.54869863045316,66.99788216316831,70.83733710465965
610.0,70.86044439522612,69.54504654442755,71.01534435210262
611.0,70.7308129241566,71.97412520615214,70.58449761471215
612.0,70.62708270963978,74.09488533366938,70.98284766121
613.0,71.08737784908008,75.30088633355531,72.06628075659101
614.0,72.07663375071336,75.35075514806098,72.65049091309518
615.0,72.44654774342801,74.95857587913105,73.62923271780858
616.0,71.91119840531915,75.36178431203233,75.34034762547441
617.0,72.37709272489433,77.1950217044842,77.16447943661345
618.0,73.88812704943066,79.63375695969819,78.81758646044085
619.0,74.63479172069877,81.30793417310153,79.62736494186963
620.0,74.52381856001566,81.79413357941766,79.8413842787867
621.0,74.64280748306238,81.31782442658736,79.81948919022828
622.0,74.66571308726019,79.50509446777325,79.83312963026971
623.0,74.06045923762717,76.86290476209332,80.20987784373109
624.0,73.9196663030545,75.07596948349256,80.84238531189943
625.0,73.9320530371597,74.69723021757781,80.42743793877321
626.0,73.16186375524362,75.24113451818084,79.06839804282073
627.0,72.55034809794984,75.20007259644483,77.23362548242484
628.0,72.1541265104182,73.28711071667695,74.93206126713827
629.0,71.2554945237883,70.40884286257871,72.9734959635516
630.0,70.59795367142792,67.90779391764008,71.82033029488966
631.0,70.10981179293852,65.96609595599895,71.78334705853824
632.0,69.01659567360356,64.7492793582052,72.34801940601157
633.0,67.71362449770622,63.89747304941225,72.42718597661752
634.0,66.76842756472993,63.071543802267826,71.70197542051217
635.0,66.70063072959651,62.59995947351344,70.83226947532495
636.0,67.001499800775,62.67101269865078,69.89297811684172
637.0,67.8728954911399,63.553571780271675,69.27835675850675
638.0,69.37942423326142,64.94685450792599,69.50391245680078
639.0,70.87337665191983,65.79544443606345,69.71540831825428
640.0,72.31529985059183,65.73257476239148,69.12750289834838
641.0,72.87940129454971,65.26895861462827,68.6784138682954
642.0,72.79226936552864,64.98987653089307,69.03921147662373
643.0,73.09779268138415,65.02625276769892,69.30652037080249
644.0,73.93688800240444,65.44844782605915,69.81015766771813
645.0,74.40795373084481,66.76371365242977,71.20029979513441
646.0,73.86119500719488,68.26705643209435,72.61576296623488
647.0,73.1524758155969,68.79985853557929,73.24327984345321
648.0,72.96738208178448,68.74563191775353,73.50921110999106
649.0,73.76941329860651,68.99282406841945,74.3006437328983
650.0,75.61540662747537,69.99412783078076,75.31547948543778
651.0,76.82610794659809,71.3461098874947,75.7184071331061
652.0,77.0052970414806,72.87902481194668,75.84451584679174
653.0,76.89364848077136,73.81671025656215,76.007137916036
654.0,77.06099199638,73.94052914009835,75.99264635751327
655.0,76.83953551878014,73.76328323759506,75.57336380128923
656.0,76.4738990416972,74.50540878120874,75.20620314367083
657.0,75.99901793932209,75.23685601325118,74.06385457838705
658.0,75.57139177605801,75.54632774631794,72.1472210738428
659.0,75.70562170199177,76.38948176803845,71.42427918319258
660.0,76.02567049178172,77.57040137159443,72.69531918172524
661.0,75.27121773565905,77.6673364414625,73.80756231640488
662.0,73.63634730813536,75.78304751643127,73.6450040902816
663.0,72.27247361407743,73.17821268263722,73.18563069759311
664.0,71.88411482446956,71.25270728024395,72.83726940945252
665.0,72.64526626827973,70.16925156893232,71.81441162503107
666.0,73.6866264634115,69.6323437220087,70.12661707921967
667.0,74.06125856464848,69.36536015521547,68.598100456728
668.0,74.04355778482399,69.31604925213385,67.52073708503895
669.0,73.89987939424921,69.44841441376259,66.42159583395328
670.0,74.27852556974376,69.62100395161039,66.01374283690048
671.0,73.71961259297234,69.17713290365214,66.7533857932723
672.0,72.34975964919478,69.317010736604,68.12944851998077
673.0,72.77228968818514,70.54579882359401,69.41232899050365
674.0,74.43319423197383,71.86532512763559,69.42365537630414
675.0,75.38749582627332,72.66145082742923,67.94475757989338
676.0,75.41887809446666,73.16345372946488,66.60487576194117
677.0,75.09657671627956,73.5263415592054,66.57265303469194
678.0,74.5507264187615,73.10696451029771,66.78167575965993
679.0,73.15850809290097,72.25459505924121,66.6683541459438
680.0,71.06862941819686,71.2474111025509,66.30747995846183
681.0,69.80451557256993,70.5313463164515,65.80370818703295
682.0,69.19872719353225,70.17029336321406,65.13459493885694
683.0,68.882875879422,70.04201441998312,65.00999747762104
684.0,69.07603634259344,69.74810070209594,65.98362454397554
685.0,68.9931568234402,69.43443212770697,67.41536406360885
686.0,68.96970175527262,70.5873467948121,69.23066034734194
687.0,68.7549576228852,72.2024577928782,70.39475209112187
688.0,68.79360989071122,72.13509503141725,69.8522427379067
689.0,70.45388649024903,70.94762813494665,68.97942977537927
690.0,72.54825842144307,69.89702119673443,68.97142068166238
691.0,74.3734155833086,68.85805901241596,69.14250728558736
692.0,75.64835460917217,66.8623263962487,68.31018580548943
693.0,77.17795640321967,65.24743701559775,67.40779960255017
694.0,79.07255834585929,65.20597398630665,67.560497843414
695.0,80.24377583071691,66.50541169097396,68.409825603316
696.0,80.79216759292974,68.88369035193146,69.50779421546893
697.0,80.72050880494486,71.65454067141238,70.712057188665
698.0,80.168402967746,73.5952889138882,72.13163818639231
699.0,79.87428231094586,74.11473412791017,73.93244281853472
700.0,79.25085588705194,73.94195612994031,75.44561332451913
701.0,78.33527304706959,74.07726017329426,76.28124051116474
702.0,77.7607864470543,74.39935216936594,76.84026819668279
703.0,77.84080071365804,74.91140006664472,77.49519481118972
704.0,78.05661340122698,75.09863881625898,77.82292276483314
705.0,78.06979037014298,74.88839564988832,77.99456573456487
706.0,77.0485949305798,74.51777161590852,77.52274753882071
707.0,75.50730649456916,74.35103015772438,77.13895556139458
708.0,73.82402567117468,73.85718720591126,77.37479252682003
709.0,71.48366948508414,73.2016963199743,77.67549558761701
710.0,69.15869640957222,73.88495442428069,77.52170959679013
711.0,67.3072082083085,75.63955366504328,76.54492912328507
712.0,66.43419307201978,77.57820019340448,76.01558129916957
713.0,66.66500812226033,77.95514373948909,75.93550047747196
714.0,68.37807632642253,77.83140741549181,75.77133157500546
715.0,70.73412862505924,78.29637116148623,75.34641313897485
716.0,72.61843986300413,78.67058724162376,74.8998523437996
717.0,74.1067678373627,79.49618835993891,75.23603406667544
718.0,74.53736709098526,79.3368113075731,75.4572437415351
719.0,74.70998403073708,78.35601023051498,75.34326586587271
720.0,75.47176659469591,77.65455417232079,75.61070978964099
721.0,75.50895441155905,76.53432885318993,75.712344314875
722.0,75.36935235416234,75.16359813179977,75.65588193579202
723.0,76.66799132095102,74.96817042385173,76.2136509172186
724.0,77.6762459245054,75.98044091734832,77.58282744642773
725.0,77.52287118514575,76.75717706532653,79.33862024801748
726.0,76.89492162760186,76.74885445324408,80.4906181828888
727.0,76.72581303256969,77.26981498915453,81.08309729440151
728.0,76.91817367595189,78.15744251954766,81.5431870856253
729.0,77.23477513786293,78.26518219602482,81.15672427300854
730.0,77.29791924688179,77.42972431117835,80.43057586751154
731.0,77.69883414369859,77.66470933169822,81.29515133028704
732.0,79.14405983545818,79.88250977207353,83.75273648489534
733.0,80.8647674632354,82.58807394589866,85.22074547043935
734.0,81.60699402236774,83.72766892563641,84.03425799676423
735.0,81.59413367205246,83.31161398882334,81.6856932380929
736.0,81.70797987961109,82.93900996297303,81.17649265527511
737.0,81.43210947260881,82.05579336388809,82.34236607710147
738.0,80.39320184250246,79.95501362700294,82.77219798996903
739.0,79.01379194435111,77.71217382425033,82.62942227738816
740.0,78.17690319185455,75.95114816508412,82.56535309046298
741.0,77.61234213777634,73.9881247722645,81.4574875531147
742.0,76.99497593660179,72.23630921298121,79.47079911006263
743.0,76.1092880927591,71.40281266030682,77.4909637275353
744.0,74.7627487622515,71.43137765405228,75.9414119929414
745.0,73.8777011094231,71.87653088389509,75.13727479744664
746.0,73.7795632486338,72.96373744258831,75.35967167014499
747.0,73.10123648369486,74.97540829748506,75.88537697384331
748.0,71.42087545595838,76.68660214566577,74.94842626537962
749.0,69.82372700847812,77.82261541795455,72.62404050358194
750.0,68.60620515645304,78.04773294330167,69.94783156525335
751.0,67.99428825804058,76.76032738248828,67.67673187674544
752.0,68.62013552109708,75.80309633681229,66.55784633247251
753.0,70.2318838302781,76.27316518201894,66.72575293748719
754.0,71.45813155373634,76.2571569102703,67.06445997698113
755.0,71.44588286409325,75.03471542652827,67.35411524046019
756.0,70.81787522273746,73.74912621417829,67.57587375333438
757.0,71.27309403527185,73.01119581873749,68.40792464197924
758.0,72.40564862169305,71.49038533649684,69.99316934038485
759.0,73.06501941827077,69.00786316113798,70.79392788989644
760.0,72.52135001516103,66.57604961982979,70.04110596511761
761.0,72.4783372873391,65.31853191069291,69.30928980820563
762.0,73.73592725118424,64.79613702917949,69.53807844063533
763.0,74.0711372788792,64.31304089062215,69.88540785502266
764.0,73.45412888494396,64.39944867167327,69.48748732567287
765.0,73.29573588477398,65.41487776994195,68.34717789383888
766.0,73.45020788124451,66.80280136642975,67.07845697082728
767.0,74.06179428072753,67.86046641513983,66.23440196555673
768.0,74.22808295619225,68.8001646893397,65.989253998754
769.0,72.67904914257063,69.43030240382701,66.05377418423875
770.0,70.57168826612912,70.00069360652428,66.37927844580962
771.0,69.12627783537985,71.63209370068088,67.08195936994954
772.0,68.01665614854917,73.09249693744576,67.41959953488639
773.0,67.47503777715241,72.56289676561613,67.44549175856602
774.0,67.60432117096985,70.13062943336459,67.36624399968002
775.0,68.00540199979113,67.44064668566048,66.64326495499746
776.0,69.06564181986226,66.60314526976465,65.16076437635962
777.0,70.74712967380042,67.90713189393475,63.6438442118276
778.0,72.39925574222137,68.80103867238358,62.28293351487493
779.0,74.21814882018262,68.54367754503707,61.86929133107545
780.0,74.77864998705395,67.88537118575012,62.18464880554792
781.0,73.39518322269551,66.859963864298,63.143851098670744
782.0,72.13063918003282,66.30992076671903,64.69400056295723
783.0,70.79112708751006,66.14451108251964,65.13227195867633
784.0,69.11336202533981,66.54597369720298,64.51065555928037
785.0,68.11439726707684,67.61342332907493,64.3221526091308
786.0,67.37725845180637,67.7791990878982,65.14336928015798
787.0,67.15893155826109,67.29521389938591,66.85323025158296
788.0,68.01165028340911,67.94541807410954,69.19993897617583
789.0,68.96399648746663,69.6319764820087,71.34012689288754
790.0,69.33243263541142,71.04690936568188,72.33642534803417
791.0,69.74776313359244,72.13845850126167,71.87174052228633
792.0,69.77118816411479,72.04649307051056,69.98507544279589
793.0,69.4249319849851,71.99596853625945,68.128362516809
794.0,69.46354114634846,73.62464326998281,67.31104273028305
795.0,70.04633686471236,75.4315924553364,67.39777959913775
796.0,71.8271390991683,76.45870726872498,68.12242195218762
797.0,74.10667820074563,76.6731399610328,68.61884032639963
798.0,75.65854960946885,76.98249953743247,69.28708618079496
